lineage	genotype	founder_node	defining_nt_muts	num_sequences	earliest_date	latest_date	countries	outbreaks	notes	deprecated
IA.1	IA	NODE_0000387	A108G,A179G,A234G,C120T	1232	1982-00-00	2024-04-02	Argentina,Australia,Austria,Brazil,Chile,China,Denmark,France,Germany,Haiti,Hungary,Indonesia,Ireland,Italy,Japan,Malaysia,Mexico,Mongolia,Netherlands,Nigeria,Norway,Russia,Singapore,South Korea,Spain,Taiwan,Thailand,Tunisia,USA,Uruguay,Venezuela,Viet Nam			FALSE
IA.1.1	IA	NODE_0000404	C313A,G81A,T138C,T216C	1209	1982-00-00	2024-04-02	Argentina,Australia,Brazil,Chile,China,Denmark,France,Germany,Haiti,Hungary,Indonesia,Ireland,Italy,Japan,Malaysia,Mexico,Mongolia,Netherlands,Nigeria,Norway,Russia,Singapore,South Korea,Spain,Taiwan,Thailand,Tunisia,USA,Uruguay,Venezuela,Viet Nam			FALSE
IA.1.1.1	IA	NODE_0000408	A270G	1202	1982-00-00	2024-04-02	Argentina,Australia,Brazil,Chile,China,Denmark,France,Germany,Haiti,Hungary,Indonesia,Ireland,Italy,Japan,Malaysia,Mexico,Mongolia,Netherlands,Nigeria,Norway,Russia,Singapore,South Korea,Spain,Taiwan,Thailand,Tunisia,USA,Uruguay,Venezuela,Viet Nam			FALSE
IA.1.1.2	IA	NODE_0000406	A87C	4	2005-05-00	2014-06-20	Hungary,Japan,Uruguay			FALSE
IA.1.1.3	IA	NODE_0000405	A201G,A45G,G285A,G57A	3	2008-00-00	2010-04-00	Italy,Netherlands			FALSE
IA.1.2	IA	NODE_0000388	A12G,G285C	23	2013-00-00	2024-01-30	Austria,Italy,Japan,Venezuela			FALSE
IA.1.2.1	IA	NODE_0000389	G153A,G240A,T63C	22	2013-00-00	2024-01-30	Austria,Italy,Japan,Venezuela			FALSE
IB.1	IB	NODE_0000081	G231A,G285A,T69C	411	1988-00-00	2024-06-18	Australia,Canada,China,Denmark,Egypt,Ethiopia,France,Gabon,Germany,Ghana,Hungary,Iran,Ireland,Italy,Japan,Kenya,Netherlands,Russia,South Africa,South Korea,Taiwan,Thailand,Tunisia,USA,Uganda,United Kingdom			FALSE
IB.1.1	IB	NODE_0000144	G99A,T294C	299	1988-00-00	2024-06-18	Australia,Canada,China,Denmark,Egypt,Ethiopia,France,Gabon,Germany,Ghana,Hungary,Iran,Ireland,Italy,Japan,Kenya,Netherlands,Russia,South Africa,South Korea,Taiwan,Thailand,Tunisia,USA,Uganda,United Kingdom			FALSE
IB.1.1.1	IB	NODE_0000145	A210G,T138C,T93C	298	1988-00-00	2024-06-18	Australia,Canada,China,Denmark,Egypt,Ethiopia,France,Gabon,Germany,Ghana,Hungary,Iran,Ireland,Italy,Japan,Kenya,Netherlands,Russia,South Africa,South Korea,Taiwan,Tunisia,USA,Uganda,United Kingdom			FALSE
IB.1.2	IB	NODE_0000082	A165G,A267G,C120T,C313T,G182A,G18A,G207T,G57A,T195C,T261C,T271C,T297C,T63C,T84C	112	2023-03-12	2023-10-07	South Africa			FALSE
IB.1.2.1	IB	NODE_0000083	T30C	110	2023-03-12	2023-10-07	South Africa			FALSE
IIA.1	IIA	NODE_0000070	A210G,A219G,A228G,A321T,C250T,G18A,G234A,G255A,G273A,T138C,T139C,T147G,T177C,T192C,T21A,T312A,T3C	13	2012-12-00	2023-09-00	Cameroon,France,Gabon,Italy,Japan			FALSE
IIA.1.1	IIA	NODE_0000073	T24C,T93C	10	2012-12-00	2023-09-00	Cameroon,Gabon,Italy,Japan			FALSE
IIA.1.1.1	IIA	NODE_0000074	T345C	9	2014-00-00	2023-09-00	Cameroon,Gabon,Japan			FALSE
IIA.1.2	IIA	NODE_0000071	A108G,G246A,T111C,T223C	3	2014-00-00	2014-00-00	Cameroon,France			FALSE
IIIA.1	IIIA	NODE_0000003	A180T,A222G,C240T,C337T,C84T,G201A,G225A,G300T,G315A,T105A,T147C,T342C,T3C,T6A	95	1990-00-00	2024-04-27	Australia,Denmark,Germany,Hungary,India,Italy,Japan,Norway,Russia,South Korea,Taiwan,USA			FALSE
IIIA.1.1	IIIA	NODE_0000005	A249G,T237A,T333C	93	1990-00-00	2024-04-27	Australia,Denmark,Germany,Hungary,India,Italy,Japan,Norway,Russia,South Korea,Taiwan,USA			FALSE
IIIA.1.1.1	IIIA	NODE_0000009	C3T,T33C	89	1990-00-00	2024-04-27	Australia,Denmark,Germany,Hungary,India,Italy,Japan,Norway,Russia,South Korea,Taiwan			FALSE
IIIA.1.1.2	IIIA	NODE_0000007	G309A,T297C	3	2014-06-24	2019-04-00	Japan,USA			FALSE
